gray_path,colorful_path,label
data/Gray/Tomato/Tomato37.jpg,data/ColorfulOriginal/Tomato/Tomato37.jpg,Tomato
data/Gray/Cucumber/cucumber17.jpg,data/ColorfulOriginal/Cucumber/cucumber17.jpg,Cucumber
data/Gray/Strawberry/Strawberry12.jpg,data/ColorfulOriginal/Strawberry/Strawberry12.jpg,Strawberry
data/Gray/Plum/Plum30.jpg,data/ColorfulOriginal/Plum/Plum30.jpg,Plum
data/Gray/Corn/Corn32.jpg,data/ColorfulOriginal/Corn/Corn32.jpg,Corn
data/Gray/Banana/banana27.jpg,data/ColorfulOriginal/Banana/banana27.jpg,Banana
data/Gray/Peach/Peach11.jpg,data/ColorfulOriginal/Peach/Peach11.jpg,Peach
data/Gray/Carrot/carrot17.jpg,data/ColorfulOriginal/Carrot/carrot17.jpg,Carrot
data/Gray/Peach/Peach7.jpg,data/ColorfulOriginal/Peach/Peach7.jpg,Peach
data/Gray/ChilliGreen/Chilli16.jpg,data/ColorfulOriginal/ChilliGreen/Chilli16.jpg,ChilliGreen
data/Gray/ChilliGreen/Chilli22.jpg,data/ColorfulOriginal/ChilliGreen/Chilli22.jpg,ChilliGreen
data/Gray/Lemon/Lemon14.jpg,data/ColorfulOriginal/Lemon/Lemon14.jpg,Lemon
data/Gray/Orange/Orange24.jpg,data/ColorfulOriginal/Orange/Orange24.jpg,Orange
data/Gray/LadyFinger/Ladyfinger27.jpg,data/ColorfulOriginal/LadyFinger/Ladyfinger27.jpg,LadyFinger
data/Gray/Strawberry/Strawberry28.jpg,data/ColorfulOriginal/Strawberry/Strawberry28.jpg,Strawberry
data/Gray/Cherry/cherry31.jpg,data/ColorfulOriginal/Cherry/cherry31.jpg,Cherry
data/Gray/Corn/Corn19.jpg,data/ColorfulOriginal/Corn/Corn19.jpg,Corn
data/Gray/Cherry/cherry28.jpg,data/ColorfulOriginal/Cherry/cherry28.jpg,Cherry
data/Gray/Cucumber/cucumber7.jpg,data/ColorfulOriginal/Cucumber/cucumber7.jpg,Cucumber
data/Gray/Broccoli/Broccoli26.jpg,data/ColorfulOriginal/Broccoli/Broccoli26.jpg,Broccoli
data/Gray/Peach/Peach8.jpg,data/ColorfulOriginal/Peach/Peach8.jpg,Peach
data/Gray/ChilliGreen/Chilli14.jpg,data/ColorfulOriginal/ChilliGreen/Chilli14.jpg,ChilliGreen
data/Gray/Tomato/Tomato11.jpg,data/ColorfulOriginal/Tomato/Tomato11.jpg,Tomato
data/Gray/Strawberry/Strawberry24.jpg,data/ColorfulOriginal/Strawberry/Strawberry24.jpg,Strawberry
data/Gray/Lemon/Lemon31.jpg,data/ColorfulOriginal/Lemon/Lemon31.jpg,Lemon
data/Gray/ChilliGreen/Chilli27.jpg,data/ColorfulOriginal/ChilliGreen/Chilli27.jpg,ChilliGreen
data/Gray/Cucumber/cucumber1.jpg,data/ColorfulOriginal/Cucumber/cucumber1.jpg,Cucumber
data/Gray/Plum/Plum23.jpg,data/ColorfulOriginal/Plum/Plum23.jpg,Plum
data/Gray/Cherry/cherry13.jpg,data/ColorfulOriginal/Cherry/cherry13.jpg,Cherry
data/Gray/CapsicumGreen/Capsicum14.jpg,data/ColorfulOriginal/CapsicumGreen/Capsicum14.jpg,CapsicumGreen
data/Gray/Pomegranate/PG48.jpg,data/ColorfulOriginal/Pomegranate/PG48.jpg,Pomegranate
data/Gray/Plum/Plum21.jpg,data/ColorfulOriginal/Plum/Plum21.jpg,Plum
data/Gray/Carrot/carrot7.jpg,data/ColorfulOriginal/Carrot/carrot7.jpg,Carrot
data/Gray/Corn/Corn25.jpg,data/ColorfulOriginal/Corn/Corn25.jpg,Corn
data/Gray/Apple/Apple35.jpg,data/ColorfulOriginal/Apple/Apple35.jpg,Apple
data/Gray/Tomato/Tomato42.jpg,data/ColorfulOriginal/Tomato/Tomato42.jpg,Tomato
data/Gray/Lemon/Lemon34.jpg,data/ColorfulOriginal/Lemon/Lemon34.jpg,Lemon
data/Gray/Plum/Plum11.jpg,data/ColorfulOriginal/Plum/Plum11.jpg,Plum
data/Gray/Peach/Peach22.jpg,data/ColorfulOriginal/Peach/Peach22.jpg,Peach
data/Gray/Cucumber/cucumber8.jpg,data/ColorfulOriginal/Cucumber/cucumber8.jpg,Cucumber
data/Gray/Carrot/carrot15.jpg,data/ColorfulOriginal/Carrot/carrot15.jpg,Carrot
data/Gray/Cherry/cherry27.jpg,data/ColorfulOriginal/Cherry/cherry27.jpg,Cherry
data/Gray/Tomato/Tomato28.jpg,data/ColorfulOriginal/Tomato/Tomato28.jpg,Tomato
data/Gray/Pomegranate/PG36.jpg,data/ColorfulOriginal/Pomegranate/PG36.jpg,Pomegranate
data/Gray/ChilliGreen/Chilli9.jpg,data/ColorfulOriginal/ChilliGreen/Chilli9.jpg,ChilliGreen
data/Gray/Potato/potato9.jpg,data/ColorfulOriginal/Potato/potato9.jpg,Potato
data/Gray/Brinjal/Brinjal9.jpg,data/ColorfulOriginal/Brinjal/Brinjal9.jpg,Brinjal
data/Gray/Brinjal/Brinjal27.jpg,data/ColorfulOriginal/Brinjal/Brinjal27.jpg,Brinjal
data/Gray/Pomegranate/PG25.jpg,data/ColorfulOriginal/Pomegranate/PG25.jpg,Pomegranate
data/Gray/Orange/Orange1.jpg,data/ColorfulOriginal/Orange/Orange1.jpg,Orange
data/Gray/LadyFinger/Ladyfinger16.jpg,data/ColorfulOriginal/LadyFinger/Ladyfinger16.jpg,LadyFinger
data/Gray/Banana/banana19.jpg,data/ColorfulOriginal/Banana/banana19.jpg,Banana
data/Gray/Lemon/Lemon35.jpg,data/ColorfulOriginal/Lemon/Lemon35.jpg,Lemon
data/Gray/Broccoli/Broccoli22.jpg,data/ColorfulOriginal/Broccoli/Broccoli22.jpg,Broccoli
data/Gray/Strawberry/Strawberry4.jpg,data/ColorfulOriginal/Strawberry/Strawberry4.jpg,Strawberry
data/Gray/CapsicumGreen/Capsicum8.jpg,data/ColorfulOriginal/CapsicumGreen/Capsicum8.jpg,CapsicumGreen
data/Gray/Tomato/Tomato23.jpg,data/ColorfulOriginal/Tomato/Tomato23.jpg,Tomato
data/Gray/Peach/Peach2.jpg,data/ColorfulOriginal/Peach/Peach2.jpg,Peach
data/Gray/Brinjal/Brinjal11.jpg,data/ColorfulOriginal/Brinjal/Brinjal11.jpg,Brinjal
data/Gray/Pear/pear7.jpg,data/ColorfulOriginal/Pear/pear7.jpg,Pear
data/Gray/Orange/Orange12.jpg,data/ColorfulOriginal/Orange/Orange12.jpg,Orange
data/Gray/Pomegranate/PG38.jpg,data/ColorfulOriginal/Pomegranate/PG38.jpg,Pomegranate
data/Gray/Orange/Orange17.jpg,data/ColorfulOriginal/Orange/Orange17.jpg,Orange
data/Gray/Peach/Peach17.jpg,data/ColorfulOriginal/Peach/Peach17.jpg,Peach
data/Gray/Pear/pear11.jpg,data/ColorfulOriginal/Pear/pear11.jpg,Pear
data/Gray/Cucumber/cucumber5.jpg,data/ColorfulOriginal/Cucumber/cucumber5.jpg,Cucumber
data/Gray/Orange/Orange6.jpg,data/ColorfulOriginal/Orange/Orange6.jpg,Orange
data/Gray/Banana/banana40.jpg,data/ColorfulOriginal/Banana/banana40.jpg,Banana
data/Gray/ChilliGreen/Chilli21.jpg,data/ColorfulOriginal/ChilliGreen/Chilli21.jpg,ChilliGreen
data/Gray/LadyFinger/Ladyfinger4.jpg,data/ColorfulOriginal/LadyFinger/Ladyfinger4.jpg,LadyFinger
data/Gray/Cherry/cherry21.jpg,data/ColorfulOriginal/Cherry/cherry21.jpg,Cherry
data/Gray/Pomegranate/PG55.jpg,data/ColorfulOriginal/Pomegranate/PG55.jpg,Pomegranate
data/Gray/Tomato/Tomato5.jpg,data/ColorfulOriginal/Tomato/Tomato5.jpg,Tomato
data/Gray/Tomato/Tomato22.jpg,data/ColorfulOriginal/Tomato/Tomato22.jpg,Tomato
data/Gray/Pear/pear1.jpg,data/ColorfulOriginal/Pear/pear1.jpg,Pear
data/Gray/Peach/Peach26.jpg,data/ColorfulOriginal/Peach/Peach26.jpg,Peach
data/Gray/Apple/Apple30.jpg,data/ColorfulOriginal/Apple/Apple30.jpg,Apple
data/Gray/Carrot/carrot4.jpg,data/ColorfulOriginal/Carrot/carrot4.jpg,Carrot
data/Gray/Apple/Apple11.jpg,data/ColorfulOriginal/Apple/Apple11.jpg,Apple
data/Gray/Carrot/carrot27.jpg,data/ColorfulOriginal/Carrot/carrot27.jpg,Carrot
data/Gray/Pear/pear22.jpg,data/ColorfulOriginal/Pear/pear22.jpg,Pear
data/Gray/Apple/Apple27.jpg,data/ColorfulOriginal/Apple/Apple27.jpg,Apple
data/Gray/LadyFinger/Ladyfinger35.jpg,data/ColorfulOriginal/LadyFinger/Ladyfinger35.jpg,LadyFinger
data/Gray/Potato/potato8.jpg,data/ColorfulOriginal/Potato/potato8.jpg,Potato
data/Gray/Banana/banana45.jpg,data/ColorfulOriginal/Banana/banana45.jpg,Banana
data/Gray/Plum/Plum9.jpg,data/ColorfulOriginal/Plum/Plum9.jpg,Plum
data/Gray/Broccoli/Broccoli7.jpg,data/ColorfulOriginal/Broccoli/Broccoli7.jpg,Broccoli
data/Gray/Plum/Plum34.jpg,data/ColorfulOriginal/Plum/Plum34.jpg,Plum
data/Gray/Cucumber/cucumber32.jpg,data/ColorfulOriginal/Cucumber/cucumber32.jpg,Cucumber
data/Gray/Cherry/cherry17.jpg,data/ColorfulOriginal/Cherry/cherry17.jpg,Cherry
data/Gray/Broccoli/Broccoli2.jpg,data/ColorfulOriginal/Broccoli/Broccoli2.jpg,Broccoli
data/Gray/Banana/banana3.jpg,data/ColorfulOriginal/Banana/banana3.jpg,Banana
data/Gray/Corn/Corn29.jpg,data/ColorfulOriginal/Corn/Corn29.jpg,Corn
data/Gray/Lemon/Lemon3.jpg,data/ColorfulOriginal/Lemon/Lemon3.jpg,Lemon
data/Gray/Cherry/cherry30.jpg,data/ColorfulOriginal/Cherry/cherry30.jpg,Cherry
data/Gray/Brinjal/Brinjal4.jpg,data/ColorfulOriginal/Brinjal/Brinjal4.jpg,Brinjal
data/Gray/Corn/Corn28.jpg,data/ColorfulOriginal/Corn/Corn28.jpg,Corn
data/Gray/Corn/Corn26.jpg,data/ColorfulOriginal/Corn/Corn26.jpg,Corn
data/Gray/Apple/Apple37.jpg,data/ColorfulOriginal/Apple/Apple37.jpg,Apple
data/Gray/Cucumber/cucumber16.jpg,data/ColorfulOriginal/Cucumber/cucumber16.jpg,Cucumber
data/Gray/Pomegranate/PG51.jpg,data/ColorfulOriginal/Pomegranate/PG51.jpg,Pomegranate
data/Gray/Lemon/Lemon2.jpg,data/ColorfulOriginal/Lemon/Lemon2.jpg,Lemon
data/Gray/Potato/potato1.jpg,data/ColorfulOriginal/Potato/potato1.jpg,Potato
data/Gray/Pomegranate/PG13.jpg,data/ColorfulOriginal/Pomegranate/PG13.jpg,Pomegranate
data/Gray/Carrot/carrot13.jpg,data/ColorfulOriginal/Carrot/carrot13.jpg,Carrot
data/Gray/Broccoli/Broccoli5.jpg,data/ColorfulOriginal/Broccoli/Broccoli5.jpg,Broccoli
data/Gray/Cucumber/cucumber15.jpg,data/ColorfulOriginal/Cucumber/cucumber15.jpg,Cucumber
data/Gray/LadyFinger/Ladyfinger18.jpg,data/ColorfulOriginal/LadyFinger/Ladyfinger18.jpg,LadyFinger
data/Gray/Cucumber/cucumber21.jpg,data/ColorfulOriginal/Cucumber/cucumber21.jpg,Cucumber
data/Gray/Lemon/Lemon13.jpg,data/ColorfulOriginal/Lemon/Lemon13.jpg,Lemon
data/Gray/LadyFinger/Ladyfinger29.jpg,data/ColorfulOriginal/LadyFinger/Ladyfinger29.jpg,LadyFinger
data/Gray/Corn/Corn14.jpg,data/ColorfulOriginal/Corn/Corn14.jpg,Corn
data/Gray/LadyFinger/Ladyfinger17.jpg,data/ColorfulOriginal/LadyFinger/Ladyfinger17.jpg,LadyFinger
data/Gray/CapsicumGreen/Capsicum7.jpg,data/ColorfulOriginal/CapsicumGreen/Capsicum7.jpg,CapsicumGreen
data/Gray/Pomegranate/PG1.jpg,data/ColorfulOriginal/Pomegranate/PG1.jpg,Pomegranate
data/Gray/Corn/Corn2.jpg,data/ColorfulOriginal/Corn/Corn2.jpg,Corn
data/Gray/Lemon/Lemon38.jpg,data/ColorfulOriginal/Lemon/Lemon38.jpg,Lemon
data/Gray/Orange/Orange15.jpg,data/ColorfulOriginal/Orange/Orange15.jpg,Orange
data/Gray/Pomegranate/PG17.jpg,data/ColorfulOriginal/Pomegranate/PG17.jpg,Pomegranate
data/Gray/Carrot/carrot33.jpg,data/ColorfulOriginal/Carrot/carrot33.jpg,Carrot
data/Gray/LadyFinger/Ladyfinger12.jpg,data/ColorfulOriginal/LadyFinger/Ladyfinger12.jpg,LadyFinger
data/Gray/Apple/Apple25.jpg,data/ColorfulOriginal/Apple/Apple25.jpg,Apple
data/Gray/Cherry/cherry16.jpg,data/ColorfulOriginal/Cherry/cherry16.jpg,Cherry
data/Gray/Carrot/carrot23.jpg,data/ColorfulOriginal/Carrot/carrot23.jpg,Carrot
data/Gray/Broccoli/Broccoli18.jpg,data/ColorfulOriginal/Broccoli/Broccoli18.jpg,Broccoli
data/Gray/Apple/Apple21.jpg,data/ColorfulOriginal/Apple/Apple21.jpg,Apple
data/Gray/Broccoli/Broccoli15.jpg,data/ColorfulOriginal/Broccoli/Broccoli15.jpg,Broccoli
data/Gray/Orange/Orange22.jpg,data/ColorfulOriginal/Orange/Orange22.jpg,Orange
data/Gray/Brinjal/Brinjal34.jpg,data/ColorfulOriginal/Brinjal/Brinjal34.jpg,Brinjal
data/Gray/Cucumber/cucumber12.jpg,data/ColorfulOriginal/Cucumber/cucumber12.jpg,Cucumber
data/Gray/Banana/banana41.jpg,data/ColorfulOriginal/Banana/banana41.jpg,Banana
data/Gray/CapsicumGreen/Capsicum29.jpg,data/ColorfulOriginal/CapsicumGreen/Capsicum29.jpg,CapsicumGreen
data/Gray/Cucumber/cucumber14.jpg,data/ColorfulOriginal/Cucumber/cucumber14.jpg,Cucumber
data/Gray/Tomato/Tomato26.jpg,data/ColorfulOriginal/Tomato/Tomato26.jpg,Tomato
data/Gray/Cherry/cherry29.jpg,data/ColorfulOriginal/Cherry/cherry29.jpg,Cherry
data/Gray/LadyFinger/Ladyfinger30.jpg,data/ColorfulOriginal/LadyFinger/Ladyfinger30.jpg,LadyFinger
data/Gray/ChilliGreen/Chilli36.jpg,data/ColorfulOriginal/ChilliGreen/Chilli36.jpg,ChilliGreen
data/Gray/ChilliGreen/Chilli19.jpg,data/ColorfulOriginal/ChilliGreen/Chilli19.jpg,ChilliGreen
data/Gray/Lemon/Lemon30.jpg,data/ColorfulOriginal/Lemon/Lemon30.jpg,Lemon
data/Gray/Pomegranate/PG39.jpg,data/ColorfulOriginal/Pomegranate/PG39.jpg,Pomegranate
data/Gray/Plum/Plum28.jpg,data/ColorfulOriginal/Plum/Plum28.jpg,Plum
data/Gray/Apple/Apple13.jpg,data/ColorfulOriginal/Apple/Apple13.jpg,Apple
data/Gray/Pomegranate/PG15.jpg,data/ColorfulOriginal/Pomegranate/PG15.jpg,Pomegranate
data/Gray/Corn/Corn10.jpg,data/ColorfulOriginal/Corn/Corn10.jpg,Corn
data/Gray/Apple/Apple3.jpg,data/ColorfulOriginal/Apple/Apple3.jpg,Apple
data/Gray/LadyFinger/Ladyfinger25.jpg,data/ColorfulOriginal/LadyFinger/Ladyfinger25.jpg,LadyFinger
data/Gray/Strawberry/Strawberry32.jpg,data/ColorfulOriginal/Strawberry/Strawberry32.jpg,Strawberry
data/Gray/Pear/pear10.jpg,data/ColorfulOriginal/Pear/pear10.jpg,Pear
data/Gray/Corn/Corn33.jpg,data/ColorfulOriginal/Corn/Corn33.jpg,Corn
data/Gray/Plum/Plum32.jpg,data/ColorfulOriginal/Plum/Plum32.jpg,Plum
data/Gray/LadyFinger/Ladyfinger9.jpg,data/ColorfulOriginal/LadyFinger/Ladyfinger9.jpg,LadyFinger
data/Gray/Banana/banana36.jpg,data/ColorfulOriginal/Banana/banana36.jpg,Banana
data/Gray/Cherry/cherry2.jpg,data/ColorfulOriginal/Cherry/cherry2.jpg,Cherry
data/Gray/Cucumber/cucumber18.jpg,data/ColorfulOriginal/Cucumber/cucumber18.jpg,Cucumber
data/Gray/Peach/Peach6.jpg,data/ColorfulOriginal/Peach/Peach6.jpg,Peach
data/Gray/Tomato/Tomato6.jpg,data/ColorfulOriginal/Tomato/Tomato6.jpg,Tomato
data/Gray/Cherry/cherry23.jpg,data/ColorfulOriginal/Cherry/cherry23.jpg,Cherry
data/Gray/Plum/Plum15.jpg,data/ColorfulOriginal/Plum/Plum15.jpg,Plum
data/Gray/ChilliGreen/Chilli33.jpg,data/ColorfulOriginal/ChilliGreen/Chilli33.jpg,ChilliGreen
data/Gray/Broccoli/Broccoli6.jpg,data/ColorfulOriginal/Broccoli/Broccoli6.jpg,Broccoli
data/Gray/Strawberry/Strawberry27.jpg,data/ColorfulOriginal/Strawberry/Strawberry27.jpg,Strawberry
data/Gray/Lemon/Lemon24.jpg,data/ColorfulOriginal/Lemon/Lemon24.jpg,Lemon
data/Gray/Lemon/Lemon11.jpg,data/ColorfulOriginal/Lemon/Lemon11.jpg,Lemon
data/Gray/Banana/banana12.jpg,data/ColorfulOriginal/Banana/banana12.jpg,Banana
data/Gray/Cherry/cherry4.jpg,data/ColorfulOriginal/Cherry/cherry4.jpg,Cherry
data/Gray/Pomegranate/PG30.jpg,data/ColorfulOriginal/Pomegranate/PG30.jpg,Pomegranate
data/Gray/Apple/Apple32.jpg,data/ColorfulOriginal/Apple/Apple32.jpg,Apple
data/Gray/Strawberry/Strawberry15.jpg,data/ColorfulOriginal/Strawberry/Strawberry15.jpg,Strawberry
data/Gray/Carrot/carrot2.jpg,data/ColorfulOriginal/Carrot/carrot2.jpg,Carrot
data/Gray/Potato/potato15.jpg,data/ColorfulOriginal/Potato/potato15.jpg,Potato
data/Gray/Tomato/Tomato33.jpg,data/ColorfulOriginal/Tomato/Tomato33.jpg,Tomato
data/Gray/Corn/Corn1.jpg,data/ColorfulOriginal/Corn/Corn1.jpg,Corn
data/Gray/CapsicumGreen/Capsicum11.jpg,data/ColorfulOriginal/CapsicumGreen/Capsicum11.jpg,CapsicumGreen
data/Gray/Tomato/Tomato41.jpg,data/ColorfulOriginal/Tomato/Tomato41.jpg,Tomato
data/Gray/Brinjal/Brinjal13.jpg,data/ColorfulOriginal/Brinjal/Brinjal13.jpg,Brinjal
data/Gray/Cherry/cherry18.jpg,data/ColorfulOriginal/Cherry/cherry18.jpg,Cherry
data/Gray/Pear/pear5.jpg,data/ColorfulOriginal/Pear/pear5.jpg,Pear
data/Gray/Banana/banana29.jpg,data/ColorfulOriginal/Banana/banana29.jpg,Banana
data/Gray/Pomegranate/PG46.jpg,data/ColorfulOriginal/Pomegranate/PG46.jpg,Pomegranate
data/Gray/Pomegranate/PG5.jpg,data/ColorfulOriginal/Pomegranate/PG5.jpg,Pomegranate
data/Gray/Broccoli/Broccoli17.jpg,data/ColorfulOriginal/Broccoli/Broccoli17.jpg,Broccoli
data/Gray/Corn/Corn20.jpg,data/ColorfulOriginal/Corn/Corn20.jpg,Corn
data/Gray/Cherry/cherry5.jpg,data/ColorfulOriginal/Cherry/cherry5.jpg,Cherry
data/Gray/Pomegranate/PG41.jpg,data/ColorfulOriginal/Pomegranate/PG41.jpg,Pomegranate
data/Gray/LadyFinger/Ladyfinger3.jpg,data/ColorfulOriginal/LadyFinger/Ladyfinger3.jpg,LadyFinger
data/Gray/Corn/Corn12.jpg,data/ColorfulOriginal/Corn/Corn12.jpg,Corn
data/Gray/ChilliGreen/Chilli3.jpg,data/ColorfulOriginal/ChilliGreen/Chilli3.jpg,ChilliGreen
data/Gray/Plum/Plum14.jpg,data/ColorfulOriginal/Plum/Plum14.jpg,Plum
data/Gray/LadyFinger/Ladyfinger26.jpg,data/ColorfulOriginal/LadyFinger/Ladyfinger26.jpg,LadyFinger
data/Gray/ChilliGreen/Chilli25.jpg,data/ColorfulOriginal/ChilliGreen/Chilli25.jpg,ChilliGreen
data/Gray/Apple/Apple20.jpg,data/ColorfulOriginal/Apple/Apple20.jpg,Apple
data/Gray/Banana/banana9.jpg,data/ColorfulOriginal/Banana/banana9.jpg,Banana
data/Gray/Potato/potato14.jpg,data/ColorfulOriginal/Potato/potato14.jpg,Potato
data/Gray/Banana/banana1.jpg,data/ColorfulOriginal/Banana/banana1.jpg,Banana
data/Gray/Tomato/Tomato34.jpg,data/ColorfulOriginal/Tomato/Tomato34.jpg,Tomato
data/Gray/ChilliGreen/Chilli29.jpg,data/ColorfulOriginal/ChilliGreen/Chilli29.jpg,ChilliGreen
data/Gray/Corn/Corn3.jpg,data/ColorfulOriginal/Corn/Corn3.jpg,Corn
data/Gray/Corn/Corn8.jpg,data/ColorfulOriginal/Corn/Corn8.jpg,Corn
data/Gray/Brinjal/Brinjal26.jpg,data/ColorfulOriginal/Brinjal/Brinjal26.jpg,Brinjal
data/Gray/Orange/Orange14.jpg,data/ColorfulOriginal/Orange/Orange14.jpg,Orange
data/Gray/Corn/Corn9.jpg,data/ColorfulOriginal/Corn/Corn9.jpg,Corn
data/Gray/CapsicumGreen/Capsicum10.jpg,data/ColorfulOriginal/CapsicumGreen/Capsicum10.jpg,CapsicumGreen
data/Gray/Broccoli/Broccoli4.jpg,data/ColorfulOriginal/Broccoli/Broccoli4.jpg,Broccoli
data/Gray/Cucumber/cucumber33.jpg,data/ColorfulOriginal/Cucumber/cucumber33.jpg,Cucumber
data/Gray/Carrot/carrot10.jpg,data/ColorfulOriginal/Carrot/carrot10.jpg,Carrot
data/Gray/Banana/banana25.jpg,data/ColorfulOriginal/Banana/banana25.jpg,Banana
data/Gray/CapsicumGreen/Capsicum9.jpg,data/ColorfulOriginal/CapsicumGreen/Capsicum9.jpg,CapsicumGreen
data/Gray/Banana/banana43.jpg,data/ColorfulOriginal/Banana/banana43.jpg,Banana
data/Gray/Banana/banana34.jpg,data/ColorfulOriginal/Banana/banana34.jpg,Banana
data/Gray/CapsicumGreen/Capsicum24.jpg,data/ColorfulOriginal/CapsicumGreen/Capsicum24.jpg,CapsicumGreen
data/Gray/Lemon/Lemon21.jpg,data/ColorfulOriginal/Lemon/Lemon21.jpg,Lemon
data/Gray/CapsicumGreen/Capsicum33.jpg,data/ColorfulOriginal/CapsicumGreen/Capsicum33.jpg,CapsicumGreen
data/Gray/LadyFinger/Ladyfinger8.jpg,data/ColorfulOriginal/LadyFinger/Ladyfinger8.jpg,LadyFinger
data/Gray/CapsicumGreen/Capsicum27.jpg,data/ColorfulOriginal/CapsicumGreen/Capsicum27.jpg,CapsicumGreen
data/Gray/Brinjal/Brinjal21.jpg,data/ColorfulOriginal/Brinjal/Brinjal21.jpg,Brinjal
data/Gray/Brinjal/Brinjal7.jpg,data/ColorfulOriginal/Brinjal/Brinjal7.jpg,Brinjal
data/Gray/Banana/banana22.jpg,data/ColorfulOriginal/Banana/banana22.jpg,Banana
data/Gray/Strawberry/Strawberry34.jpg,data/ColorfulOriginal/Strawberry/Strawberry34.jpg,Strawberry
data/Gray/Cherry/cherry20.jpg,data/ColorfulOriginal/Cherry/cherry20.jpg,Cherry
data/Gray/Lemon/Lemon7.jpg,data/ColorfulOriginal/Lemon/Lemon7.jpg,Lemon
data/Gray/Peach/Peach15.jpg,data/ColorfulOriginal/Peach/Peach15.jpg,Peach
data/Gray/Lemon/Lemon15.jpg,data/ColorfulOriginal/Lemon/Lemon15.jpg,Lemon
data/Gray/Strawberry/Strawberry35.jpg,data/ColorfulOriginal/Strawberry/Strawberry35.jpg,Strawberry
data/Gray/ChilliGreen/Chilli34.jpg,data/ColorfulOriginal/ChilliGreen/Chilli34.jpg,ChilliGreen
data/Gray/Orange/Orange3.jpg,data/ColorfulOriginal/Orange/Orange3.jpg,Orange
data/Gray/Cucumber/cucumber9.jpg,data/ColorfulOriginal/Cucumber/cucumber9.jpg,Cucumber
data/Gray/Tomato/Tomato21.jpg,data/ColorfulOriginal/Tomato/Tomato21.jpg,Tomato
data/Gray/Brinjal/Brinjal28.jpg,data/ColorfulOriginal/Brinjal/Brinjal28.jpg,Brinjal
data/Gray/Pomegranate/PG53.jpg,data/ColorfulOriginal/Pomegranate/PG53.jpg,Pomegranate
data/Gray/Carrot/carrot25.jpg,data/ColorfulOriginal/Carrot/carrot25.jpg,Carrot
data/Gray/ChilliGreen/Chilli20.jpg,data/ColorfulOriginal/ChilliGreen/Chilli20.jpg,ChilliGreen
data/Gray/Pomegranate/PG10.jpg,data/ColorfulOriginal/Pomegranate/PG10.jpg,Pomegranate
data/Gray/Tomato/Tomato17.jpg,data/ColorfulOriginal/Tomato/Tomato17.jpg,Tomato
data/Gray/Plum/Plum2.jpg,data/ColorfulOriginal/Plum/Plum2.jpg,Plum
data/Gray/Cherry/cherry10.jpg,data/ColorfulOriginal/Cherry/cherry10.jpg,Cherry
data/Gray/Pear/pear12.jpg,data/ColorfulOriginal/Pear/pear12.jpg,Pear
data/Gray/Brinjal/Brinjal20.jpg,data/ColorfulOriginal/Brinjal/Brinjal20.jpg,Brinjal
data/Gray/Orange/Orange8.jpg,data/ColorfulOriginal/Orange/Orange8.jpg,Orange
data/Gray/Banana/banana7.jpg,data/ColorfulOriginal/Banana/banana7.jpg,Banana
data/Gray/Broccoli/Broccoli28.jpg,data/ColorfulOriginal/Broccoli/Broccoli28.jpg,Broccoli
data/Gray/LadyFinger/Ladyfinger1.jpg,data/ColorfulOriginal/LadyFinger/Ladyfinger1.jpg,LadyFinger
data/Gray/Apple/Apple26.jpg,data/ColorfulOriginal/Apple/Apple26.jpg,Apple
data/Gray/Peach/Peach14.jpg,data/ColorfulOriginal/Peach/Peach14.jpg,Peach
data/Gray/Tomato/Tomato35.jpg,data/ColorfulOriginal/Tomato/Tomato35.jpg,Tomato
data/Gray/Brinjal/Brinjal16.jpg,data/ColorfulOriginal/Brinjal/Brinjal16.jpg,Brinjal
data/Gray/CapsicumGreen/Capsicum3.jpg,data/ColorfulOriginal/CapsicumGreen/Capsicum3.jpg,CapsicumGreen
data/Gray/Cherry/cherry15.jpg,data/ColorfulOriginal/Cherry/cherry15.jpg,Cherry
data/Gray/CapsicumGreen/Capsicum5.jpg,data/ColorfulOriginal/CapsicumGreen/Capsicum5.jpg,CapsicumGreen
data/Gray/Brinjal/Brinjal12.jpg,data/ColorfulOriginal/Brinjal/Brinjal12.jpg,Brinjal
data/Gray/CapsicumGreen/Capsicum32.jpg,data/ColorfulOriginal/CapsicumGreen/Capsicum32.jpg,CapsicumGreen
data/Gray/CapsicumGreen/Capsicum1.jpg,data/ColorfulOriginal/CapsicumGreen/Capsicum1.jpg,CapsicumGreen
data/Gray/LadyFinger/Ladyfinger11.jpg,data/ColorfulOriginal/LadyFinger/Ladyfinger11.jpg,LadyFinger
data/Gray/LadyFinger/Ladyfinger21.jpg,data/ColorfulOriginal/LadyFinger/Ladyfinger21.jpg,LadyFinger
data/Gray/Pear/pear8.jpg,data/ColorfulOriginal/Pear/pear8.jpg,Pear
data/Gray/Pomegranate/PG37.jpg,data/ColorfulOriginal/Pomegranate/PG37.jpg,Pomegranate
data/Gray/ChilliGreen/Chilli6.jpg,data/ColorfulOriginal/ChilliGreen/Chilli6.jpg,ChilliGreen
data/Gray/Pear/pear15.jpg,data/ColorfulOriginal/Pear/pear15.jpg,Pear
data/Gray/Orange/Orange21.jpg,data/ColorfulOriginal/Orange/Orange21.jpg,Orange
data/Gray/Banana/banana18.jpg,data/ColorfulOriginal/Banana/banana18.jpg,Banana
data/Gray/Corn/Corn22.jpg,data/ColorfulOriginal/Corn/Corn22.jpg,Corn
data/Gray/Pomegranate/PG12.jpg,data/ColorfulOriginal/Pomegranate/PG12.jpg,Pomegranate
data/Gray/Potato/potato10.jpg,data/ColorfulOriginal/Potato/potato10.jpg,Potato
data/Gray/Apple/Apple17.jpg,data/ColorfulOriginal/Apple/Apple17.jpg,Apple
data/Gray/Cherry/cherry22.jpg,data/ColorfulOriginal/Cherry/cherry22.jpg,Cherry
data/Gray/Cherry/cherry9.jpg,data/ColorfulOriginal/Cherry/cherry9.jpg,Cherry
data/Gray/Peach/Peach19.jpg,data/ColorfulOriginal/Peach/Peach19.jpg,Peach
data/Gray/Strawberry/Strawberry5.jpg,data/ColorfulOriginal/Strawberry/Strawberry5.jpg,Strawberry
data/Gray/Carrot/carrot28.jpg,data/ColorfulOriginal/Carrot/carrot28.jpg,Carrot
data/Gray/CapsicumGreen/Capsicum4.jpg,data/ColorfulOriginal/CapsicumGreen/Capsicum4.jpg,CapsicumGreen
data/Gray/Tomato/Tomato4.jpg,data/ColorfulOriginal/Tomato/Tomato4.jpg,Tomato
data/Gray/Lemon/Lemon25.jpg,data/ColorfulOriginal/Lemon/Lemon25.jpg,Lemon
data/Gray/Peach/Peach23.jpg,data/ColorfulOriginal/Peach/Peach23.jpg,Peach
data/Gray/Orange/Orange26.jpg,data/ColorfulOriginal/Orange/Orange26.jpg,Orange
data/Gray/Carrot/carrot32.jpg,data/ColorfulOriginal/Carrot/carrot32.jpg,Carrot
data/Gray/LadyFinger/Ladyfinger15.jpg,data/ColorfulOriginal/LadyFinger/Ladyfinger15.jpg,LadyFinger
data/Gray/Strawberry/Strawberry22.jpg,data/ColorfulOriginal/Strawberry/Strawberry22.jpg,Strawberry
data/Gray/Lemon/Lemon29.jpg,data/ColorfulOriginal/Lemon/Lemon29.jpg,Lemon
data/Gray/Broccoli/Broccoli23.jpg,data/ColorfulOriginal/Broccoli/Broccoli23.jpg,Broccoli
data/Gray/Lemon/Lemon17.jpg,data/ColorfulOriginal/Lemon/Lemon17.jpg,Lemon
data/Gray/Apple/Apple6.jpg,data/ColorfulOriginal/Apple/Apple6.jpg,Apple
data/Gray/Tomato/Tomato18.jpg,data/ColorfulOriginal/Tomato/Tomato18.jpg,Tomato
data/Gray/Banana/banana13.jpg,data/ColorfulOriginal/Banana/banana13.jpg,Banana
data/Gray/Cucumber/cucumber25.jpg,data/ColorfulOriginal/Cucumber/cucumber25.jpg,Cucumber
data/Gray/Pomegranate/PG19.jpg,data/ColorfulOriginal/Pomegranate/PG19.jpg,Pomegranate
data/Gray/Orange/Orange5.jpg,data/ColorfulOriginal/Orange/Orange5.jpg,Orange
data/Gray/Pomegranate/PG44.jpg,data/ColorfulOriginal/Pomegranate/PG44.jpg,Pomegranate
data/Gray/CapsicumGreen/Capsicum6.jpg,data/ColorfulOriginal/CapsicumGreen/Capsicum6.jpg,CapsicumGreen
data/Gray/Brinjal/Brinjal8.jpg,data/ColorfulOriginal/Brinjal/Brinjal8.jpg,Brinjal
data/Gray/ChilliGreen/Chilli5.jpg,data/ColorfulOriginal/ChilliGreen/Chilli5.jpg,ChilliGreen
data/Gray/Apple/Apple1.jpg,data/ColorfulOriginal/Apple/Apple1.jpg,Apple
data/Gray/Cucumber/cucumber26.jpg,data/ColorfulOriginal/Cucumber/cucumber26.jpg,Cucumber
data/Gray/Plum/Plum31.jpg,data/ColorfulOriginal/Plum/Plum31.jpg,Plum
data/Gray/CapsicumGreen/Capsicum16.jpg,data/ColorfulOriginal/CapsicumGreen/Capsicum16.jpg,CapsicumGreen
data/Gray/Pomegranate/PG33.jpg,data/ColorfulOriginal/Pomegranate/PG33.jpg,Pomegranate
data/Gray/Broccoli/Broccoli21.jpg,data/ColorfulOriginal/Broccoli/Broccoli21.jpg,Broccoli
data/Gray/Plum/Plum10.jpg,data/ColorfulOriginal/Plum/Plum10.jpg,Plum
data/Gray/Strawberry/Strawberry13.jpg,data/ColorfulOriginal/Strawberry/Strawberry13.jpg,Strawberry
data/Gray/Potato/potato3.jpg,data/ColorfulOriginal/Potato/potato3.jpg,Potato
data/Gray/Corn/Corn13.jpg,data/ColorfulOriginal/Corn/Corn13.jpg,Corn
data/Gray/ChilliGreen/Chilli10.jpg,data/ColorfulOriginal/ChilliGreen/Chilli10.jpg,ChilliGreen
data/Gray/Plum/Plum20.jpg,data/ColorfulOriginal/Plum/Plum20.jpg,Plum
data/Gray/Strawberry/Strawberry30.jpg,data/ColorfulOriginal/Strawberry/Strawberry30.jpg,Strawberry
data/Gray/Carrot/carrot37.jpg,data/ColorfulOriginal/Carrot/carrot37.jpg,Carrot
data/Gray/CapsicumGreen/Capsicum23.jpg,data/ColorfulOriginal/CapsicumGreen/Capsicum23.jpg,CapsicumGreen
data/Gray/Broccoli/Broccoli27.jpg,data/ColorfulOriginal/Broccoli/Broccoli27.jpg,Broccoli
data/Gray/Corn/Corn21.jpg,data/ColorfulOriginal/Corn/Corn21.jpg,Corn
data/Gray/Peach/Peach4.jpg,data/ColorfulOriginal/Peach/Peach4.jpg,Peach
data/Gray/Apple/Apple34.jpg,data/ColorfulOriginal/Apple/Apple34.jpg,Apple
data/Gray/Banana/banana31.jpg,data/ColorfulOriginal/Banana/banana31.jpg,Banana
data/Gray/Cucumber/cucumber22.jpg,data/ColorfulOriginal/Cucumber/cucumber22.jpg,Cucumber
data/Gray/Strawberry/Strawberry7.jpg,data/ColorfulOriginal/Strawberry/Strawberry7.jpg,Strawberry
data/Gray/Lemon/Lemon16.jpg,data/ColorfulOriginal/Lemon/Lemon16.jpg,Lemon
data/Gray/Pomegranate/PG35.jpg,data/ColorfulOriginal/Pomegranate/PG35.jpg,Pomegranate
data/Gray/Strawberry/Strawberry2.jpg,data/ColorfulOriginal/Strawberry/Strawberry2.jpg,Strawberry
data/Gray/Banana/banana33.jpg,data/ColorfulOriginal/Banana/banana33.jpg,Banana
data/Gray/ChilliGreen/Chilli12.jpg,data/ColorfulOriginal/ChilliGreen/Chilli12.jpg,ChilliGreen
data/Gray/Peach/Peach10.jpg,data/ColorfulOriginal/Peach/Peach10.jpg,Peach
data/Gray/Pomegranate/PG43.jpg,data/ColorfulOriginal/Pomegranate/PG43.jpg,Pomegranate
data/Gray/Strawberry/Strawberry8.jpg,data/ColorfulOriginal/Strawberry/Strawberry8.jpg,Strawberry
data/Gray/LadyFinger/Ladyfinger31.jpg,data/ColorfulOriginal/LadyFinger/Ladyfinger31.jpg,LadyFinger
data/Gray/Pear/pear14.jpg,data/ColorfulOriginal/Pear/pear14.jpg,Pear
data/Gray/Brinjal/Brinjal18.jpg,data/ColorfulOriginal/Brinjal/Brinjal18.jpg,Brinjal
data/Gray/Strawberry/Strawberry17.jpg,data/ColorfulOriginal/Strawberry/Strawberry17.jpg,Strawberry
data/Gray/Corn/Corn31.jpg,data/ColorfulOriginal/Corn/Corn31.jpg,Corn
data/Gray/Tomato/Tomato16.jpg,data/ColorfulOriginal/Tomato/Tomato16.jpg,Tomato
data/Gray/Tomato/Tomato46.jpg,data/ColorfulOriginal/Tomato/Tomato46.jpg,Tomato
data/Gray/Plum/Plum13.jpg,data/ColorfulOriginal/Plum/Plum13.jpg,Plum
data/Gray/Lemon/Lemon36.jpg,data/ColorfulOriginal/Lemon/Lemon36.jpg,Lemon
data/Gray/Potato/potato2.jpg,data/ColorfulOriginal/Potato/potato2.jpg,Potato
data/Gray/Orange/Orange20.jpg,data/ColorfulOriginal/Orange/Orange20.jpg,Orange
data/Gray/Pomegranate/PG26.jpg,data/ColorfulOriginal/Pomegranate/PG26.jpg,Pomegranate
data/Gray/Carrot/carrot9.jpg,data/ColorfulOriginal/Carrot/carrot9.jpg,Carrot
data/Gray/Cherry/cherry24.jpg,data/ColorfulOriginal/Cherry/cherry24.jpg,Cherry
data/Gray/Orange/Orange19.jpg,data/ColorfulOriginal/Orange/Orange19.jpg,Orange
data/Gray/Plum/Plum16.jpg,data/ColorfulOriginal/Plum/Plum16.jpg,Plum
data/Gray/Peach/Peach27.jpg,data/ColorfulOriginal/Peach/Peach27.jpg,Peach
data/Gray/Apple/Apple23.jpg,data/ColorfulOriginal/Apple/Apple23.jpg,Apple
data/Gray/Lemon/Lemon20.jpg,data/ColorfulOriginal/Lemon/Lemon20.jpg,Lemon
data/Gray/Pear/pear6.jpg,data/ColorfulOriginal/Pear/pear6.jpg,Pear
data/Gray/Brinjal/Brinjal24.jpg,data/ColorfulOriginal/Brinjal/Brinjal24.jpg,Brinjal
data/Gray/Broccoli/Broccoli32.jpg,data/ColorfulOriginal/Broccoli/Broccoli32.jpg,Broccoli
data/Gray/Strawberry/Strawberry3.jpg,data/ColorfulOriginal/Strawberry/Strawberry3.jpg,Strawberry
data/Gray/Banana/banana37.jpg,data/ColorfulOriginal/Banana/banana37.jpg,Banana
data/Gray/Carrot/carrot6.jpg,data/ColorfulOriginal/Carrot/carrot6.jpg,Carrot
data/Gray/Broccoli/Broccoli9.jpg,data/ColorfulOriginal/Broccoli/Broccoli9.jpg,Broccoli
data/Gray/Cucumber/cucumber31.jpg,data/ColorfulOriginal/Cucumber/cucumber31.jpg,Cucumber
data/Gray/Peach/Peach1.jpg,data/ColorfulOriginal/Peach/Peach1.jpg,Peach
data/Gray/Carrot/carrot30.jpg,data/ColorfulOriginal/Carrot/carrot30.jpg,Carrot
data/Gray/Broccoli/Broccoli34.jpg,data/ColorfulOriginal/Broccoli/Broccoli34.jpg,Broccoli
data/Gray/Brinjal/Brinjal22.jpg,data/ColorfulOriginal/Brinjal/Brinjal22.jpg,Brinjal
data/Gray/Pomegranate/PG8.jpg,data/ColorfulOriginal/Pomegranate/PG8.jpg,Pomegranate
data/Gray/Tomato/Tomato36.jpg,data/ColorfulOriginal/Tomato/Tomato36.jpg,Tomato
data/Gray/Carrot/carrot26.jpg,data/ColorfulOriginal/Carrot/carrot26.jpg,Carrot
data/Gray/Tomato/Tomato44.jpg,data/ColorfulOriginal/Tomato/Tomato44.jpg,Tomato
data/Gray/Strawberry/Strawberry29.jpg,data/ColorfulOriginal/Strawberry/Strawberry29.jpg,Strawberry
data/Gray/LadyFinger/Ladyfinger19.jpg,data/ColorfulOriginal/LadyFinger/Ladyfinger19.jpg,LadyFinger
data/Gray/Pear/pear4.jpg,data/ColorfulOriginal/Pear/pear4.jpg,Pear
data/Gray/CapsicumGreen/Capsicum2.jpg,data/ColorfulOriginal/CapsicumGreen/Capsicum2.jpg,CapsicumGreen
data/Gray/CapsicumGreen/Capsicum20.jpg,data/ColorfulOriginal/CapsicumGreen/Capsicum20.jpg,CapsicumGreen
data/Gray/Pomegranate/PG7.jpg,data/ColorfulOriginal/Pomegranate/PG7.jpg,Pomegranate
data/Gray/Pomegranate/PG23.jpg,data/ColorfulOriginal/Pomegranate/PG23.jpg,Pomegranate
data/Gray/Apple/Apple16.jpg,data/ColorfulOriginal/Apple/Apple16.jpg,Apple
data/Gray/Cucumber/cucumber10.jpg,data/ColorfulOriginal/Cucumber/cucumber10.jpg,Cucumber
data/Gray/Carrot/carrot21.jpg,data/ColorfulOriginal/Carrot/carrot21.jpg,Carrot
data/Gray/Peach/Peach5.jpg,data/ColorfulOriginal/Peach/Peach5.jpg,Peach
data/Gray/Lemon/Lemon6.jpg,data/ColorfulOriginal/Lemon/Lemon6.jpg,Lemon
data/Gray/Apple/Apple33.jpg,data/ColorfulOriginal/Apple/Apple33.jpg,Apple
data/Gray/Tomato/Tomato43.jpg,data/ColorfulOriginal/Tomato/Tomato43.jpg,Tomato
data/Gray/ChilliGreen/Chilli2.jpg,data/ColorfulOriginal/ChilliGreen/Chilli2.jpg,ChilliGreen
data/Gray/Carrot/carrot24.jpg,data/ColorfulOriginal/Carrot/carrot24.jpg,Carrot
data/Gray/Lemon/Lemon1.jpg,data/ColorfulOriginal/Lemon/Lemon1.jpg,Lemon
data/Gray/Potato/potato6.jpg,data/ColorfulOriginal/Potato/potato6.jpg,Potato
data/Gray/Banana/banana21.jpg,data/ColorfulOriginal/Banana/banana21.jpg,Banana
data/Gray/Brinjal/Brinjal17.jpg,data/ColorfulOriginal/Brinjal/Brinjal17.jpg,Brinjal
data/Gray/Lemon/Lemon23.jpg,data/ColorfulOriginal/Lemon/Lemon23.jpg,Lemon
data/Gray/CapsicumGreen/Capsicum13.jpg,data/ColorfulOriginal/CapsicumGreen/Capsicum13.jpg,CapsicumGreen
data/Gray/LadyFinger/Ladyfinger36.jpg,data/ColorfulOriginal/LadyFinger/Ladyfinger36.jpg,LadyFinger
data/Gray/Broccoli/Broccoli25.jpg,data/ColorfulOriginal/Broccoli/Broccoli25.jpg,Broccoli
data/Gray/Strawberry/Strawberry14.jpg,data/ColorfulOriginal/Strawberry/Strawberry14.jpg,Strawberry
data/Gray/Banana/banana14.jpg,data/ColorfulOriginal/Banana/banana14.jpg,Banana
data/Gray/Banana/banana15.jpg,data/ColorfulOriginal/Banana/banana15.jpg,Banana
data/Gray/Peach/Peach21.jpg,data/ColorfulOriginal/Peach/Peach21.jpg,Peach
data/Gray/ChilliGreen/Chilli18.jpg,data/ColorfulOriginal/ChilliGreen/Chilli18.jpg,ChilliGreen
data/Gray/Broccoli/Broccoli12.jpg,data/ColorfulOriginal/Broccoli/Broccoli12.jpg,Broccoli
data/Gray/Brinjal/Brinjal23.jpg,data/ColorfulOriginal/Brinjal/Brinjal23.jpg,Brinjal
data/Gray/Carrot/carrot36.jpg,data/ColorfulOriginal/Carrot/carrot36.jpg,Carrot
data/Gray/CapsicumGreen/Capsicum18.jpg,data/ColorfulOriginal/CapsicumGreen/Capsicum18.jpg,CapsicumGreen
data/Gray/Brinjal/Brinjal14.jpg,data/ColorfulOriginal/Brinjal/Brinjal14.jpg,Brinjal
data/Gray/Orange/Orange23.jpg,data/ColorfulOriginal/Orange/Orange23.jpg,Orange
data/Gray/Strawberry/Strawberry26.jpg,data/ColorfulOriginal/Strawberry/Strawberry26.jpg,Strawberry
data/Gray/Pomegranate/PG42.jpg,data/ColorfulOriginal/Pomegranate/PG42.jpg,Pomegranate
data/Gray/Banana/banana32.jpg,data/ColorfulOriginal/Banana/banana32.jpg,Banana
data/Gray/CapsicumGreen/Capsicum19.jpg,data/ColorfulOriginal/CapsicumGreen/Capsicum19.jpg,CapsicumGreen
data/Gray/LadyFinger/Ladyfinger34.jpg,data/ColorfulOriginal/LadyFinger/Ladyfinger34.jpg,LadyFinger
data/Gray/Pomegranate/PG28.jpg,data/ColorfulOriginal/Pomegranate/PG28.jpg,Pomegranate
data/Gray/Lemon/Lemon5.jpg,data/ColorfulOriginal/Lemon/Lemon5.jpg,Lemon
data/Gray/Corn/Corn30.jpg,data/ColorfulOriginal/Corn/Corn30.jpg,Corn
data/Gray/Pomegranate/PG31.jpg,data/ColorfulOriginal/Pomegranate/PG31.jpg,Pomegranate
data/Gray/Strawberry/Strawberry10.jpg,data/ColorfulOriginal/Strawberry/Strawberry10.jpg,Strawberry
data/Gray/Cherry/cherry7.jpg,data/ColorfulOriginal/Cherry/cherry7.jpg,Cherry
data/Gray/Apple/Apple38.jpg,data/ColorfulOriginal/Apple/Apple38.jpg,Apple
data/Gray/Brinjal/Brinjal6.jpg,data/ColorfulOriginal/Brinjal/Brinjal6.jpg,Brinjal
data/Gray/Pomegranate/PG2.jpg,data/ColorfulOriginal/Pomegranate/PG2.jpg,Pomegranate
data/Gray/Apple/Apple7.jpg,data/ColorfulOriginal/Apple/Apple7.jpg,Apple
data/Gray/Pear/pear13.jpg,data/ColorfulOriginal/Pear/pear13.jpg,Pear
data/Gray/Peach/Peach16.jpg,data/ColorfulOriginal/Peach/Peach16.jpg,Peach
data/Gray/LadyFinger/Ladyfinger6.jpg,data/ColorfulOriginal/LadyFinger/Ladyfinger6.jpg,LadyFinger
data/Gray/CapsicumGreen/Capsicum15.jpg,data/ColorfulOriginal/CapsicumGreen/Capsicum15.jpg,CapsicumGreen
data/Gray/Pear/pear3.jpg,data/ColorfulOriginal/Pear/pear3.jpg,Pear
data/Gray/Brinjal/Brinjal10.jpg,data/ColorfulOriginal/Brinjal/Brinjal10.jpg,Brinjal
data/Gray/Banana/banana20.jpg,data/ColorfulOriginal/Banana/banana20.jpg,Banana
data/Gray/Pomegranate/PG3.jpg,data/ColorfulOriginal/Pomegranate/PG3.jpg,Pomegranate
data/Gray/Plum/Plum12.jpg,data/ColorfulOriginal/Plum/Plum12.jpg,Plum
data/Gray/Potato/potato18.jpg,data/ColorfulOriginal/Potato/potato18.jpg,Potato
data/Gray/Banana/banana24.jpg,data/ColorfulOriginal/Banana/banana24.jpg,Banana
data/Gray/Brinjal/Brinjal31.jpg,data/ColorfulOriginal/Brinjal/Brinjal31.jpg,Brinjal
data/Gray/Lemon/Lemon18.jpg,data/ColorfulOriginal/Lemon/Lemon18.jpg,Lemon
data/Gray/Corn/Corn6.jpg,data/ColorfulOriginal/Corn/Corn6.jpg,Corn
data/Gray/Tomato/Tomato12.jpg,data/ColorfulOriginal/Tomato/Tomato12.jpg,Tomato
data/Gray/Brinjal/Brinjal32.jpg,data/ColorfulOriginal/Brinjal/Brinjal32.jpg,Brinjal
data/Gray/Banana/banana2.jpg,data/ColorfulOriginal/Banana/banana2.jpg,Banana
data/Gray/Cucumber/cucumber30.jpg,data/ColorfulOriginal/Cucumber/cucumber30.jpg,Cucumber
data/Gray/Potato/potato13.jpg,data/ColorfulOriginal/Potato/potato13.jpg,Potato
data/Gray/Broccoli/Broccoli11.jpg,data/ColorfulOriginal/Broccoli/Broccoli11.jpg,Broccoli
data/Gray/Cherry/cherry19.jpg,data/ColorfulOriginal/Cherry/cherry19.jpg,Cherry
data/Gray/Banana/banana5.jpg,data/ColorfulOriginal/Banana/banana5.jpg,Banana
data/Gray/Carrot/carrot5.jpg,data/ColorfulOriginal/Carrot/carrot5.jpg,Carrot
data/Gray/Apple/Apple36.jpg,data/ColorfulOriginal/Apple/Apple36.jpg,Apple
data/Gray/ChilliGreen/Chilli17.jpg,data/ColorfulOriginal/ChilliGreen/Chilli17.jpg,ChilliGreen
data/Gray/Cucumber/cucumber35.jpg,data/ColorfulOriginal/Cucumber/cucumber35.jpg,Cucumber
data/Gray/CapsicumGreen/Capsicum26.jpg,data/ColorfulOriginal/CapsicumGreen/Capsicum26.jpg,CapsicumGreen
data/Gray/Lemon/Lemon22.jpg,data/ColorfulOriginal/Lemon/Lemon22.jpg,Lemon
data/Gray/Orange/Orange10.jpg,data/ColorfulOriginal/Orange/Orange10.jpg,Orange
data/Gray/Tomato/Tomato3.jpg,data/ColorfulOriginal/Tomato/Tomato3.jpg,Tomato
data/Gray/Apple/Apple9.jpg,data/ColorfulOriginal/Apple/Apple9.jpg,Apple
data/Gray/Banana/banana42.jpg,data/ColorfulOriginal/Banana/banana42.jpg,Banana
data/Gray/Broccoli/Broccoli29.jpg,data/ColorfulOriginal/Broccoli/Broccoli29.jpg,Broccoli
data/Gray/Strawberry/Strawberry25.jpg,data/ColorfulOriginal/Strawberry/Strawberry25.jpg,Strawberry
data/Gray/Pomegranate/PG52.jpg,data/ColorfulOriginal/Pomegranate/PG52.jpg,Pomegranate
data/Gray/Apple/Apple24.jpg,data/ColorfulOriginal/Apple/Apple24.jpg,Apple
data/Gray/Corn/Corn15.jpg,data/ColorfulOriginal/Corn/Corn15.jpg,Corn
data/Gray/Corn/Corn27.jpg,data/ColorfulOriginal/Corn/Corn27.jpg,Corn
data/Gray/Tomato/Tomato7.jpg,data/ColorfulOriginal/Tomato/Tomato7.jpg,Tomato
data/Gray/Corn/Corn16.jpg,data/ColorfulOriginal/Corn/Corn16.jpg,Corn
data/Gray/Plum/Plum29.jpg,data/ColorfulOriginal/Plum/Plum29.jpg,Plum
data/Gray/Orange/Orange29.jpg,data/ColorfulOriginal/Orange/Orange29.jpg,Orange
data/Gray/Plum/Plum25.jpg,data/ColorfulOriginal/Plum/Plum25.jpg,Plum
data/Gray/Cucumber/cucumber20.jpg,data/ColorfulOriginal/Cucumber/cucumber20.jpg,Cucumber
data/Gray/LadyFinger/Ladyfinger22.jpg,data/ColorfulOriginal/LadyFinger/Ladyfinger22.jpg,LadyFinger
data/Gray/Pomegranate/PG29.jpg,data/ColorfulOriginal/Pomegranate/PG29.jpg,Pomegranate
data/Gray/Tomato/Tomato20.jpg,data/ColorfulOriginal/Tomato/Tomato20.jpg,Tomato
data/Gray/Plum/Plum1.jpg,data/ColorfulOriginal/Plum/Plum1.jpg,Plum
data/Gray/Orange/Orange7.jpg,data/ColorfulOriginal/Orange/Orange7.jpg,Orange
data/Gray/Carrot/carrot19.jpg,data/ColorfulOriginal/Carrot/carrot19.jpg,Carrot
data/Gray/Cherry/cherry26.jpg,data/ColorfulOriginal/Cherry/cherry26.jpg,Cherry
data/Gray/Tomato/Tomato13.jpg,data/ColorfulOriginal/Tomato/Tomato13.jpg,Tomato
data/Gray/Cherry/cherry25.jpg,data/ColorfulOriginal/Cherry/cherry25.jpg,Cherry
data/Gray/Corn/Corn17.jpg,data/ColorfulOriginal/Corn/Corn17.jpg,Corn
data/Gray/Tomato/Tomato31.jpg,data/ColorfulOriginal/Tomato/Tomato31.jpg,Tomato
data/Gray/Lemon/Lemon4.jpg,data/ColorfulOriginal/Lemon/Lemon4.jpg,Lemon
data/Gray/Cherry/cherry33.jpg,data/ColorfulOriginal/Cherry/cherry33.jpg,Cherry
data/Gray/ChilliGreen/Chilli8.jpg,data/ColorfulOriginal/ChilliGreen/Chilli8.jpg,ChilliGreen
data/Gray/Lemon/Lemon26.jpg,data/ColorfulOriginal/Lemon/Lemon26.jpg,Lemon
data/Gray/Carrot/carrot18.jpg,data/ColorfulOriginal/Carrot/carrot18.jpg,Carrot
data/Gray/Carrot/carrot11.jpg,data/ColorfulOriginal/Carrot/carrot11.jpg,Carrot
data/Gray/LadyFinger/Ladyfinger14.jpg,data/ColorfulOriginal/LadyFinger/Ladyfinger14.jpg,LadyFinger
data/Gray/ChilliGreen/Chilli15.jpg,data/ColorfulOriginal/ChilliGreen/Chilli15.jpg,ChilliGreen
data/Gray/Banana/banana23.jpg,data/ColorfulOriginal/Banana/banana23.jpg,Banana
data/Gray/ChilliGreen/Chilli13.jpg,data/ColorfulOriginal/ChilliGreen/Chilli13.jpg,ChilliGreen
data/Gray/Pear/pear18.jpg,data/ColorfulOriginal/Pear/pear18.jpg,Pear
data/Gray/Banana/banana26.jpg,data/ColorfulOriginal/Banana/banana26.jpg,Banana
data/Gray/Cherry/cherry6.jpg,data/ColorfulOriginal/Cherry/cherry6.jpg,Cherry
data/Gray/Plum/Plum24.jpg,data/ColorfulOriginal/Plum/Plum24.jpg,Plum
data/Gray/Plum/Plum22.jpg,data/ColorfulOriginal/Plum/Plum22.jpg,Plum
data/Gray/Strawberry/Strawberry33.jpg,data/ColorfulOriginal/Strawberry/Strawberry33.jpg,Strawberry
data/Gray/Broccoli/Broccoli35.jpg,data/ColorfulOriginal/Broccoli/Broccoli35.jpg,Broccoli
data/Gray/Lemon/Lemon19.jpg,data/ColorfulOriginal/Lemon/Lemon19.jpg,Lemon
data/Gray/Corn/Corn11.jpg,data/ColorfulOriginal/Corn/Corn11.jpg,Corn
data/Gray/Plum/Plum4.jpg,data/ColorfulOriginal/Plum/Plum4.jpg,Plum
data/Gray/CapsicumGreen/Capsicum28.jpg,data/ColorfulOriginal/CapsicumGreen/Capsicum28.jpg,CapsicumGreen
data/Gray/ChilliGreen/Chilli11.jpg,data/ColorfulOriginal/ChilliGreen/Chilli11.jpg,ChilliGreen
data/Gray/Orange/Orange25.jpg,data/ColorfulOriginal/Orange/Orange25.jpg,Orange
data/Gray/Strawberry/Strawberry31.jpg,data/ColorfulOriginal/Strawberry/Strawberry31.jpg,Strawberry
data/Gray/Tomato/Tomato24.jpg,data/ColorfulOriginal/Tomato/Tomato24.jpg,Tomato
data/Gray/Carrot/carrot34.jpg,data/ColorfulOriginal/Carrot/carrot34.jpg,Carrot
data/Gray/Pomegranate/PG21.jpg,data/ColorfulOriginal/Pomegranate/PG21.jpg,Pomegranate
data/Gray/Tomato/Tomato15.jpg,data/ColorfulOriginal/Tomato/Tomato15.jpg,Tomato
data/Gray/LadyFinger/Ladyfinger13.jpg,data/ColorfulOriginal/LadyFinger/Ladyfinger13.jpg,LadyFinger
data/Gray/Corn/Corn18.jpg,data/ColorfulOriginal/Corn/Corn18.jpg,Corn
data/Gray/Broccoli/Broccoli13.jpg,data/ColorfulOriginal/Broccoli/Broccoli13.jpg,Broccoli
data/Gray/Potato/potato17.jpg,data/ColorfulOriginal/Potato/potato17.jpg,Potato
data/Gray/Carrot/carrot39.jpg,data/ColorfulOriginal/Carrot/carrot39.jpg,Carrot
data/Gray/Tomato/Tomato9.jpg,data/ColorfulOriginal/Tomato/Tomato9.jpg,Tomato
data/Gray/Pomegranate/PG49.jpg,data/ColorfulOriginal/Pomegranate/PG49.jpg,Pomegranate
data/Gray/Potato/potato12.jpg,data/ColorfulOriginal/Potato/potato12.jpg,Potato
data/Gray/Lemon/Lemon10.jpg,data/ColorfulOriginal/Lemon/Lemon10.jpg,Lemon
data/Gray/Cucumber/cucumber4.jpg,data/ColorfulOriginal/Cucumber/cucumber4.jpg,Cucumber
data/Gray/CapsicumGreen/Capsicum35.jpg,data/ColorfulOriginal/CapsicumGreen/Capsicum35.jpg,CapsicumGreen
data/Gray/ChilliGreen/Chilli26.jpg,data/ColorfulOriginal/ChilliGreen/Chilli26.jpg,ChilliGreen
data/Gray/ChilliGreen/Chilli1.jpg,data/ColorfulOriginal/ChilliGreen/Chilli1.jpg,ChilliGreen
data/Gray/Pomegranate/PG34.jpg,data/ColorfulOriginal/Pomegranate/PG34.jpg,Pomegranate
data/Gray/Cucumber/cucumber24.jpg,data/ColorfulOriginal/Cucumber/cucumber24.jpg,Cucumber
data/Gray/Corn/Corn23.jpg,data/ColorfulOriginal/Corn/Corn23.jpg,Corn
data/Gray/Tomato/Tomato14.jpg,data/ColorfulOriginal/Tomato/Tomato14.jpg,Tomato
data/Gray/Broccoli/Broccoli19.jpg,data/ColorfulOriginal/Broccoli/Broccoli19.jpg,Broccoli
data/Gray/Broccoli/Broccoli3.jpg,data/ColorfulOriginal/Broccoli/Broccoli3.jpg,Broccoli
data/Gray/Strawberry/Strawberry18.jpg,data/ColorfulOriginal/Strawberry/Strawberry18.jpg,Strawberry
data/Gray/Strawberry/Strawberry9.jpg,data/ColorfulOriginal/Strawberry/Strawberry9.jpg,Strawberry
data/Gray/Pomegranate/PG18.jpg,data/ColorfulOriginal/Pomegranate/PG18.jpg,Pomegranate
data/Gray/Orange/Orange18.jpg,data/ColorfulOriginal/Orange/Orange18.jpg,Orange
data/Gray/Brinjal/Brinjal30.jpg,data/ColorfulOriginal/Brinjal/Brinjal30.jpg,Brinjal
data/Gray/Banana/banana6.jpg,data/ColorfulOriginal/Banana/banana6.jpg,Banana
data/Gray/Tomato/Tomato32.jpg,data/ColorfulOriginal/Tomato/Tomato32.jpg,Tomato
data/Gray/Pomegranate/PG16.jpg,data/ColorfulOriginal/Pomegranate/PG16.jpg,Pomegranate
data/Gray/Tomato/Tomato47.jpg,data/ColorfulOriginal/Tomato/Tomato47.jpg,Tomato
data/Gray/Broccoli/Broccoli31.jpg,data/ColorfulOriginal/Broccoli/Broccoli31.jpg,Broccoli
data/Gray/Potato/potato11.jpg,data/ColorfulOriginal/Potato/potato11.jpg,Potato
data/Gray/Broccoli/Broccoli1.jpg,data/ColorfulOriginal/Broccoli/Broccoli1.jpg,Broccoli
data/Gray/Tomato/Tomato8.jpg,data/ColorfulOriginal/Tomato/Tomato8.jpg,Tomato
data/Gray/Carrot/carrot12.jpg,data/ColorfulOriginal/Carrot/carrot12.jpg,Carrot
data/Gray/Strawberry/Strawberry16.jpg,data/ColorfulOriginal/Strawberry/Strawberry16.jpg,Strawberry
data/Gray/Orange/Orange13.jpg,data/ColorfulOriginal/Orange/Orange13.jpg,Orange
data/Gray/Plum/Plum3.jpg,data/ColorfulOriginal/Plum/Plum3.jpg,Plum
data/Gray/Carrot/carrot20.jpg,data/ColorfulOriginal/Carrot/carrot20.jpg,Carrot
data/Gray/Orange/Orange28.jpg,data/ColorfulOriginal/Orange/Orange28.jpg,Orange
data/Gray/Brinjal/Brinjal2.jpg,data/ColorfulOriginal/Brinjal/Brinjal2.jpg,Brinjal
data/Gray/Tomato/Tomato45.jpg,data/ColorfulOriginal/Tomato/Tomato45.jpg,Tomato
data/Gray/Peach/Peach12.jpg,data/ColorfulOriginal/Peach/Peach12.jpg,Peach
data/Gray/LadyFinger/Ladyfinger20.jpg,data/ColorfulOriginal/LadyFinger/Ladyfinger20.jpg,LadyFinger
data/Gray/CapsicumGreen/Capsicum34.jpg,data/ColorfulOriginal/CapsicumGreen/Capsicum34.jpg,CapsicumGreen
data/Gray/Peach/Peach9.jpg,data/ColorfulOriginal/Peach/Peach9.jpg,Peach
data/Gray/Plum/Plum19.jpg,data/ColorfulOriginal/Plum/Plum19.jpg,Plum
data/Gray/Pear/pear9.jpg,data/ColorfulOriginal/Pear/pear9.jpg,Pear
data/Gray/Cucumber/cucumber23.jpg,data/ColorfulOriginal/Cucumber/cucumber23.jpg,Cucumber
data/Gray/Pear/pear2.jpg,data/ColorfulOriginal/Pear/pear2.jpg,Pear
data/Gray/Carrot/carrot38.jpg,data/ColorfulOriginal/Carrot/carrot38.jpg,Carrot
data/Gray/Banana/banana16.jpg,data/ColorfulOriginal/Banana/banana16.jpg,Banana
data/Gray/Cucumber/cucumber34.jpg,data/ColorfulOriginal/Cucumber/cucumber34.jpg,Cucumber
data/Gray/Lemon/Lemon39.jpg,data/ColorfulOriginal/Lemon/Lemon39.jpg,Lemon
data/Gray/Potato/potato19.jpg,data/ColorfulOriginal/Potato/potato19.jpg,Potato
data/Gray/Plum/Plum33.jpg,data/ColorfulOriginal/Plum/Plum33.jpg,Plum
data/Gray/Brinjal/Brinjal29.jpg,data/ColorfulOriginal/Brinjal/Brinjal29.jpg,Brinjal
data/Gray/LadyFinger/Ladyfinger33.jpg,data/ColorfulOriginal/LadyFinger/Ladyfinger33.jpg,LadyFinger
data/Gray/Carrot/carrot14.jpg,data/ColorfulOriginal/Carrot/carrot14.jpg,Carrot
data/Gray/Plum/Plum27.jpg,data/ColorfulOriginal/Plum/Plum27.jpg,Plum
data/Gray/Plum/Plum17.jpg,data/ColorfulOriginal/Plum/Plum17.jpg,Plum
data/Gray/Pear/pear21.jpg,data/ColorfulOriginal/Pear/pear21.jpg,Pear
data/Gray/LadyFinger/Ladyfinger23.jpg,data/ColorfulOriginal/LadyFinger/Ladyfinger23.jpg,LadyFinger
data/Gray/Brinjal/Brinjal35.jpg,data/ColorfulOriginal/Brinjal/Brinjal35.jpg,Brinjal
data/Gray/ChilliGreen/Chilli31.jpg,data/ColorfulOriginal/ChilliGreen/Chilli31.jpg,ChilliGreen
data/Gray/Cucumber/cucumber13.jpg,data/ColorfulOriginal/Cucumber/cucumber13.jpg,Cucumber
data/Gray/Broccoli/Broccoli33.jpg,data/ColorfulOriginal/Broccoli/Broccoli33.jpg,Broccoli
data/Gray/Tomato/Tomato29.jpg,data/ColorfulOriginal/Tomato/Tomato29.jpg,Tomato
data/Gray/Banana/banana39.jpg,data/ColorfulOriginal/Banana/banana39.jpg,Banana
data/Gray/Cucumber/cucumber28.jpg,data/ColorfulOriginal/Cucumber/cucumber28.jpg,Cucumber
data/Gray/ChilliGreen/Chilli7.jpg,data/ColorfulOriginal/ChilliGreen/Chilli7.jpg,ChilliGreen
